{"cameraMode":{"drawMode":0,"name":"Shaded","section":"Shading Mode"},"sceneLighting":true,"audioPlay":false,"sceneViewState":{"m_AlwaysRefresh":false,"showFog":true,"showSkybox":true,"showFlares":true,"showImageEffects":true,"showParticleSystems":true,"showVisualEffectGraphs":true,"m_FxEnabled":true},"in2DMode":false,"pivot":{"x":-3.626978635787964,"y":11.26791000366211,"z":-1.1656142473220826},"rotation":{"x":0.013585425913333893,"y":-0.7272523641586304,"z":0.014415493234992028,"w":0.6861022710800171},"size":16.499570846557618,"orthographic":false}